Rosenbrock,5,2,2,10000,10749254,0.059449211,2.77555756156289E-015,8.3266649246
Rosenbrock,10,2,2,10000,10749254,0.059449211,2.77555756156289E-015,8.3266649246
Rosenbrock,20,2,2,10000,10749254,0.059449211,2.77555756156289E-015,8.2999982834
Rosenbrock,5,2,1.1,10000,10738531,0.0857842815,3.3495428652941E-013,9.7799978256
Rosenbrock,10,2,1.1,10000,10740670,0.0857842815,2.05215067161646E-010,9.7833309174
Rosenbrock,20,2,1.1,9956,10694225,0.0857842815,2.05215067161646E-010,10.0033311844
Rosenbrock,5,2,1.01,10000,10707532,0.0857864376,0.4103085939,9.8366651535
Rosenbrock,10,2,1.01,10000,10703219,0.0857864376,0.4103085939,9.893330574
Rosenbrock,20,2,1.01,9968,10676014,0.0857864376,0.4103085939,10.0033321381
Rosenbrock,5,2,1.001,10000,10711810,0.0857864376,0.7787793723,9.7566652298
Rosenbrock,10,2,1.001,10000,10704331,0.0857864376,0.7787793723,9.7199983597
Rosenbrock,20,2,1.001,10000,10699002,0.0857864376,0.7787793723,9.9066638947
Rosenbrock,5,2,1.0001,10000,10715036,0.0857864376,0.8233821907,9.8499984741
Rosenbrock,10,2,1.0001,10000,10718259,0.0857864376,0.8233821907,9.7299976349
Rosenbrock,20,2,1.0001,10000,10708733,0.0857864376,0.8233821907,9.6499977112
Rosenbrock,5,2,1.00001,10000,10694787,0.0857864376,0.8279218203,9.6699981689
Rosenbrock,10,2,1.00001,10000,10708666,0.0857864376,0.8279218203,9.8066654205
Rosenbrock,20,2,1.00001,10000,10708717,0.0857864376,0.8279218203,9.8266649246
Rosenbrock,5,2,1.000001,10000,10702274,0.0857864376,0.8283765862,9.8599977493
Rosenbrock,10,2,1.000001,10000,10719398,0.0857864376,0.8283765862,9.9433307648
Rosenbrock,20,2,1.000001,9990,10698179,0.0857864376,0.8283765862,10.0033311844
Rosenbrock,5,2,1.0000001,10000,10701280,0.0857864376,0.8284220708,9.516664505
Rosenbrock,10,2,1.0000001,10000,10714092,0.0857864376,0.8284220708,9.7899980545
Rosenbrock,20,2,1.0000001,10000,10715200,0.0857864376,0.8284220708,9.9799976349
Rosenbrock,5,2,1.00000001,10000,10709805,0.0857864376,0.8284266194,9.783331871
Rosenbrock,10,2,1.00000001,9834,10536960,0.0857864376,0.8284266194,10.0033311844
Rosenbrock,20,2,1.00000001,9979,10692722,0.0857864376,0.8284266194,10.0033311844
Rosenbrock,5,2,1.000000001,10000,10702354,0.0857864376,0.8284270742,9.8066635132
Rosenbrock,10,2,1.000000001,10000,10713059,0.0857864376,0.8284270742,9.639998436
Rosenbrock,20,2,1.000000001,10000,10713120,0.0857864376,0.8284270742,9.7066650391
Rosenbrock,5,2,1.0000000001,10000,10698157,0.0857864376,0.8284271197,9.563331604
Rosenbrock,10,2,1.0000000001,10000,10714176,0.0857864376,0.8284271197,9.6033306122
Rosenbrock,20,2,1.0000000001,10000,10703563,0.0857864376,0.8284271197,9.8566646576
Rosenbrock,5,2,1,10000,10704562,0.0857864376,0.8284271242,9.7733306885
Rosenbrock,10,2,1,9947,10656051,0.0857864376,0.8284271242,10.0033321381
Rosenbrock,20,2,1,10000,10705686,0.0857864376,0.8284271242,9.9533319473
Rosenbrock,5,4,2,10000,10741732,0.059449211,7.27196081129477E-015,9.7466650009
Rosenbrock,10,4,2,10000,10744954,0.059449211,1.02647057520443E-012,9.6233320236
Rosenbrock,20,4,2,10000,10744958,0.059449211,1.50764381534607E-009,9.5066642761
Rosenbrock,5,4,1.1,7033,7493337,0.0857842817,0.0437316561,10.0033311844
Rosenbrock,10,4,1.1,7018,7464131,0.0857842815,0.0226790422,10.0033321381
Rosenbrock,20,4,1.1,6924,7383398,0.0857842815,0.0273474001,10.0033311844
Rosenbrock,5,4,1.01,119,200419,0.0857864376,1.0371912108,0.2799989879
Rosenbrock,10,4,1.01,7125,7581075,0.0857864376,1.065804211,10.0033321381
Rosenbrock,20,4,1.01,7176,7682374,0.0857864376,0.4375,10.0033321381
Rosenbrock,5,4,1.001,85,100304,0.0857864376,0.7793327683,0.1566659957
Rosenbrock,10,4,1.001,83,100228,0.0857864376,0.7797255451,0.1433320045
Rosenbrock,20,4,1.001,90,100394,0.0857864376,1.9503522475,0.1566649973
Rosenbrock,5,4,1.0001,7342,7622089,0.0857864376,0.8233821907,10.0033311844
Rosenbrock,10,4,1.0001,7042,7547441,0.0857864376,0.8233821907,10.0033311844
Rosenbrock,20,4,1.0001,7014,7521680,0.0857864376,0.8233821907,10.0033311844
Rosenbrock,5,4,1.00001,82,100219,0.0870529298,1.49337711,0.1433320045
Rosenbrock,10,4,1.00001,78,150323,0.0857864376,1.4994397924,0.2099989951
Rosenbrock,20,4,1.00001,7068,7512936,0.0857864376,0.8279218203,10.0033321381
Rosenbrock,5,4,1.000001,7179,7584526,0.0857864376,1.499944663,10.0033311844
Rosenbrock,10,4,1.000001,81,150305,0.0857864376,1.4999443164,0.2133319974
Rosenbrock,20,4,1.000001,7098,7588471,0.0857864376,0.8283765862,10.0033311844
Rosenbrock,5,4,1.0000001,71,100174,0.0870829307,0.8196021791,0.1433320045
Rosenbrock,10,4,1.0000001,92,100320,0.0857864376,1.4999943969,0.1366650015
Rosenbrock,20,4,1.0000001,7181,7671742,0.0857864376,0.8284220708,10.0033321381
Rosenbrock,5,4,1.00000001,7084,7491544,0.0857864376,0.8284266194,10.0033311844
Rosenbrock,10,4,1.00000001,7088,7589367,0.0857864376,1.9999994946,10.0033311844
Rosenbrock,20,4,1.00000001,74,150321,0.0857864376,100.25,0.2233320028
Rosenbrock,5,4,1.000000001,7018,7519009,0.0870828219,0.8196080021,10.0033311844
Rosenbrock,10,4,1.000000001,84,100255,0.0857864376,100.25,0.1333319992
Rosenbrock,20,4,1.000000001,92,300484,0.0857864376,0.8284270752,0.4533320069
Rosenbrock,5,4,1.0000000001,85,200301,0.0870828047,0.8196081637,0.2799989879
Rosenbrock,10,4,1.0000000001,7114,7564268,0.0857864376,1.4999999947,10.0033321381
Rosenbrock,20,4,1.0000000001,94,200555,0.0857864376,1.4999999944,0.2966659963
Rosenbrock,5,4,1,7089,7593723,0.0870828047,1.9999999995,10.0033321381
Rosenbrock,10,4,1,7227,7739318,0.0857864376,0.8284271242,10.0033311844
Rosenbrock,20,4,1,81,150286,0.0857864376,0.8284271242,0.2299990058
Rosenbrock,5,6,2,9425,10115023,0.059449211,7.21730688299332E-012,10.0033311844
Rosenbrock,10,6,2,9204,9880667,0.059449211,9.04840438686956E-014,10.0033311844
Rosenbrock,20,6,2,9382,10073362,0.059449211,2.8977154009624E-011,10.0033311844
Rosenbrock,5,6,1.1,5481,5795139,0.085784338,0.0384327879,10.0033311844
Rosenbrock,10,6,1.1,5551,5813473,0.0857842815,0.0415948762,10.0033311844
Rosenbrock,20,6,1.1,5480,5770877,0.0857842815,0.0494208095,10.0033311844
Rosenbrock,5,6,1.01,112,200362,0.0857864376,1.0361768848,0.3633320034
Rosenbrock,10,6,1.01,122,250465,0.0857864376,0.6922290027,0.4566659927
Rosenbrock,20,6,1.01,109,200424,0.0857864376,0.6980707068,0.4699980021
Rosenbrock,5,6,1.001,114,150352,0.0857872102,1.4465865019,0.2799989879
Rosenbrock,10,6,1.001,5278,5703673,0.0857864376,0.9684063653,10.0033321381
Rosenbrock,20,6,1.001,5379,5663349,0.0857864376,0.9564847438,10.0033311844
Rosenbrock,5,6,1.0001,5371,5836977,0.0857864376,0.9882918124,10.0033311844
Rosenbrock,10,6,1.0001,125,100385,0.0857864376,1.0041542425,0.1966660023
Rosenbrock,20,6,1.0001,113,150375,0.0857864376,0.9885861465,0.2933320105
Rosenbrock,5,6,1.00001,5489,5829539,0.0857864377,0.9917846502,10.0033311844
Rosenbrock,10,6,1.00001,213,5325424,0.0857864376,1.0074310727,10.0033321381
Rosenbrock,20,6,1.00001,5246,5753485,0.0857864376,1.4994577035,10.0033311844
Rosenbrock,5,6,1.000001,117,150410,0.0857875268,1.0077761385,0.269998014
Rosenbrock,10,6,1.000001,150,150522,0.0857864376,1.4999436233,0.2766659856
Rosenbrock,20,6,1.000001,5487,5827385,0.0857864376,1.499949286,10.0033311844
Rosenbrock,5,6,1.0000001,128,100333,0.0857869437,1.4999919991,0.1799979955
Rosenbrock,10,6,1.0000001,209,150543,0.0857864376,1.4999944518,0.2766659856
Rosenbrock,20,6,1.0000001,5376,5742536,0.0857864376,1.4999944662,10.0033311844
Rosenbrock,5,6,1.00000001,5511,5805362,0.0857864376,1.4999994702,10.0033311844
Rosenbrock,10,6,1.00000001,150,150739,0.0857864376,0.992187126,0.2866649926
Rosenbrock,20,6,1.00000001,132,150387,0.0857864376,1.0078121457,0.2799980044
Rosenbrock,5,6,1.000000001,5540,5835664,0.0857864376,1.4999999462,10.0033321381
Rosenbrock,10,6,1.000000001,5470,5826395,0.0857864376,1.0078124619,10.0033311844
Rosenbrock,20,6,1.000000001,131,100342,0.0857864376,1.9999999495,0.2033320069
Rosenbrock,5,6,1.0000000001,116,200490,0.0857864376,1.0078124964,0.3733319938
Rosenbrock,10,6,1.0000000001,136,150446,0.0857864376,1.0078124963,0.2866649926
Rosenbrock,20,6,1.0000000001,5356,5726776,0.0857864376,1.9999999949,10.0033321381
Rosenbrock,5,6,1,5338,5762689,0.0857864376,1.0078124996,10.0033321381
Rosenbrock,10,6,1,5471,5787024,0.0857864376,1.4999999995,10.0033311844
Rosenbrock,20,6,1,124,150393,0.0857864376,100.25,0.2766650021
Rosenbrock,5,8,2,8536,9159991,0.059449211,3.31229487249722E-010,10.0033321381
Rosenbrock,10,8,2,8515,9140911,0.059449211,2.15828365495083E-009,10.0033311844
Rosenbrock,20,8,2,8297,8905295,0.059449211,1.39882549987647E-012,10.0033311844
Rosenbrock,5,8,1.1,4520,4687080,0.0857842816,0.0321987364,10.0033311844
Rosenbrock,10,8,1.1,4471,4625121,0.0857842815,0.0420471684,10.0033321381
Rosenbrock,20,8,1.1,4335,4571686,0.0857842815,0.0270868092,10.0033321381
Rosenbrock,5,8,1.01,4454,4725425,0.0857864376,0.6762129481,10.0033321381
Rosenbrock,10,8,1.01,4505,4704991,0.0857864376,0.7140631411,10.0033311844
Rosenbrock,20,8,1.01,154,300644,0.0857864376,1.0419729272,0.6666650176
Rosenbrock,5,8,1.001,138,150318,0.0893911692,0.9692257996,0.3366650045
Rosenbrock,10,8,1.001,151,300559,0.0857864381,0.9632070821,0.6866649985
Rosenbrock,20,8,1.001,4411,4610894,0.0857864376,0.9737821721,10.0033321381
Rosenbrock,5,8,1.0001,148,150389,0.0857864376,1.4944763815,0.3233320117
Rosenbrock,10,8,1.0001,166,100422,0.0857864376,1.4946224103,0.2199980021
Rosenbrock,20,8,1.0001,155,150549,0.0857864376,100.25,0.346664995
Rosenbrock,5,8,1.00001,136,100398,0.0857866121,1.9995124063,0.2333319932
Rosenbrock,10,8,1.00001,140,150379,0.0857864381,0.999623542,0.3499990106
Rosenbrock,20,8,1.00001,242,4576145,0.0857864376,1.499436328,10.0033321381
Rosenbrock,5,8,1.000001,133,100359,0.0857864376,1.0077771308,0.2333319932
Rosenbrock,10,8,1.000001,4356,4637706,0.0857864377,1.0077716127,10.0033321381
Rosenbrock,20,8,1.000001,159,200552,0.0857864376,1.499944663,0.4533320069
Rosenbrock,5,8,1.0000001,4448,4632663,0.0857873892,1.9999949461,10.0033311844
Rosenbrock,10,8,1.0000001,150,200550,0.0857864376,0.9999962376,0.4599989951
Rosenbrock,20,8,1.0000001,167,200592,0.0857864376,1.499994527,0.4799990058
Rosenbrock,5,8,1.00000001,127,200365,0.08578711,1.0078119116,0.4566650093
Rosenbrock,10,8,1.00000001,145,200418,0.0857864376,0.9999996359,0.4633319974
Rosenbrock,20,8,1.00000001,139,150483,0.0857864376,1.4999994432,0.359999001
Rosenbrock,5,8,1.000000001,137,200409,0.0857879496,1.0078120068,0.4366660118
Rosenbrock,10,8,1.000000001,142,150375,0.0857864376,1.499999945,0.3333320022
Rosenbrock,20,8,1.000000001,4374,4554461,0.0857864376,1.9999999495,10.0033311844
Rosenbrock,5,8,1.0000000001,138,200434,0.0857879501,0.9999999958,0.4633319974
Rosenbrock,10,8,1.0000000001,134,200456,0.0857864377,1.0078124963,0.4433319867
Rosenbrock,20,8,1.0000000001,152,100452,0.0857864376,1.4999999945,0.2433319986
Rosenbrock,5,8,1,135,150455,0.0857879501,1.0078120432,0.3333320022
Rosenbrock,10,8,1,140,150355,0.0857864378,1.0078124996,0.3466660082
Rosenbrock,20,8,1,4435,4662081,0.0857864376,1.4999999994,10.0033311844
Rosenbrock,5,10,2,7823,8395600,0.059449211,3.32662420265923E-009,10.0033311844
Rosenbrock,10,10,2,7162,7686653,0.059449211,4.35167479825449E-010,10.0033311844
Rosenbrock,20,10,2,7628,8187106,0.059449211,5.37708142219668E-011,10.0033311844
Rosenbrock,5,10,1.1,3866,3957723,0.0857842879,0.0428837639,10.0033321381
Rosenbrock,10,10,1.1,3746,3881336,0.0857843063,0.0293789859,10.0033321381
Rosenbrock,20,10,1.1,3840,3905826,0.0857842815,0.0405774784,10.0033311844
Rosenbrock,5,10,1.01,140,150291,0.0961145784,0.7028029527,0.3899990022
Rosenbrock,10,10,1.01,3852,3888379,0.0857928278,1.0348041052,10.0033311844
Rosenbrock,20,10,1.01,184,250727,0.0857864376,1.0446008518,0.6866649985
Rosenbrock,5,10,1.001,3677,3927255,0.1796655615,0.9624176855,10.0033311844
Rosenbrock,10,10,1.001,3583,3952823,0.0857864376,1.4446681322,10.0033311844
Rosenbrock,20,10,1.001,176,100595,0.0857864376,1.9503522475,0.2899990082
Rosenbrock,5,10,1.0001,237,100519,0.0857864401,1.0041030479,0.2633320093
Rosenbrock,10,10,1.0001,180,300707,0.0857865495,1.4944067854,0.7833319902
Rosenbrock,20,10,1.0001,174,200633,0.0857864376,1.4944418514,0.5533319712
Rosenbrock,5,10,1.00001,3793,3805708,0.0857864383,0.9996243894,10.0033321381
Rosenbrock,10,10,1.00001,3706,3893037,0.0857864376,1.9994946955,10.0033311844
Rosenbrock,20,10,1.00001,177,200649,0.0857864376,1.4994501858,0.5466660261
Rosenbrock,5,10,1.000001,229,100460,0.093593224,1.0057659672,0.259999007
Rosenbrock,10,10,1.000001,3751,3873522,0.0875434622,1.4915569055,10.0033311844
Rosenbrock,20,10,1.000001,180,150612,0.0857864376,1.0077753694,0.4299980104
Rosenbrock,5,10,1.0000001,3739,3915576,0.0858885361,0.9999963043,10.0033311844
Rosenbrock,10,10,1.0000001,201,200561,0.0857864376,1.4999945009,0.5366650224
Rosenbrock,20,10,1.0000001,181,300753,0.0857864376,1.4999944662,0.7933319807
Rosenbrock,5,10,1.00000001,3622,3888816,0.1821974359,1.215831402,10.0033321381
Rosenbrock,10,10,1.00000001,211,350703,0.0857864547,1.4999993536,0.9099990129
Rosenbrock,20,10,1.00000001,169,150593,0.0857864376,1.4999994397,0.4166660011
Rosenbrock,5,10,1.000000001,239,250608,0.0857864376,1.4999999439,0.6599990129
Rosenbrock,10,10,1.000000001,208,150537,0.0857864376,1.499999944,0.403331995
Rosenbrock,20,10,1.000000001,190,100563,0.0857864376,0.9999999643,0.2899979949
Rosenbrock,5,10,1.0000000001,166,150428,0.1821853095,1.0002713554,0.3899990022
Rosenbrock,10,10,1.0000000001,3767,3908801,0.0857864376,0.9999999966,10.0033321381
Rosenbrock,20,10,1.0000000001,174,200646,0.0857864376,0.9999999963,0.5566650033
Rosenbrock,5,10,1,242,200666,0.0857864387,1.4999999942,0.5399990082
Rosenbrock,10,10,1,207,100445,0.085786439,1.4999999928,0.2733319998
Rosenbrock,20,10,1,3479,3902293,0.0857864376,1.0078124996,10.0033311844
Rosenbrock,5,20,2,5539,5936310,0.059449211,2.05684706223166E-010,10.0033311844
Rosenbrock,10,20,2,5331,5717353,0.059449211,6.75131137758814E-010,10.0033311844
Rosenbrock,20,20,2,5097,5462883,0.059449211,2.48667949911633E-012,10.0033311844
Rosenbrock,5,20,1.1,2193,2184276,0.0857842817,0.0297049317,10.0033311844
Rosenbrock,10,20,1.1,1755,1707424,0.085784282,0.0392606972,10.0033311844
Rosenbrock,20,20,1.1,2209,2163217,0.0857842815,0.0333535043,10.0033311844
Rosenbrock,5,20,1.01,2225,2128437,0.1351688902,0.9059107504,10.0033311844
Rosenbrock,10,20,1.01,2136,2181031,0.0857864376,0.6892626196,10.0033311844
Rosenbrock,20,20,1.01,1961,2061957,0.0857864376,0.6804704641,10.0033311844
Rosenbrock,5,20,1.001,2238,2187051,0.2188212895,1.1171422079,10.0033311844
Rosenbrock,10,20,1.001,281,100556,0.085786439,1.9494067305,0.4733319879
Rosenbrock,20,20,1.001,235,150646,0.0857864376,1.4446681322,0.7233319879
Rosenbrock,5,20,1.0001,224,100336,0.2070517596,1.9960365683,0.466666013
Rosenbrock,10,20,1.0001,230,300635,0.0857864376,1.4944275208,1.3633320332
Rosenbrock,20,20,1.0001,1952,2030674,0.0857864376,0.996070863,10.0033311844
Rosenbrock,5,20,1.00001,2263,2166881,0.2071878292,1.1757842648,10.0033311844
Rosenbrock,10,20,1.00001,2002,2158976,0.0857864376,1.4994467213,10.0033311844
Rosenbrock,20,20,1.00001,221,300737,0.0857864376,1.4994397924,1.4099990129
Rosenbrock,5,20,1.000001,2145,2164421,0.206395731,0.99996209,10.0033311844
Rosenbrock,10,20,1.000001,225,200550,0.0857864377,1.4999447217,0.9199990034
Rosenbrock,20,20,1.000001,242,200732,0.0857864376,1.9999500348,0.9666659832
Rosenbrock,5,20,1.0000001,223,100335,0.2055857309,0.999996438,0.4633319974
Rosenbrock,10,20,1.0000001,203,200494,0.0857864376,1.4999943969,0.9233319759
Rosenbrock,20,20,1.0000001,2130,2172870,0.0857864376,1.0078084788,10.0033311844
Rosenbrock,5,20,1.00000001,2091,2159927,0.2056626619,0.9999996315,10.0033311844
Rosenbrock,10,20,1.00000001,2096,2186233,0.0857864376,0.9999996101,10.0033321381
Rosenbrock,20,20,1.00000001,240,150661,0.085786451,0.9999996515,0.7366650105
Rosenbrock,5,20,1.000000001,2197,2154867,0.2056648531,1.1783944871,10.0033321381
Rosenbrock,10,20,1.000000001,222,100441,0.0857865472,1.4999994181,0.4666649997
Rosenbrock,20,20,1.000000001,227,100573,0.0857864376,1.4999999494,0.5099989772
Rosenbrock,5,20,1.0000000001,1855,1786816,0.2056631213,1.1783970203,10.0033311844
Rosenbrock,10,20,1.0000000001,203,150450,0.0857864387,0.9999999969,0.6966660023
Rosenbrock,20,20,1.0000000001,242,150703,0.0857864381,0.9999999964,0.7433319688
Rosenbrock,5,20,1,230,200483,0.2056632218,1.1783968797,0.9399979711
Rosenbrock,10,20,1,2091,2079044,0.0857864646,1.4999998692,10.0033321381
Rosenbrock,20,20,1,233,150655,0.085786438,1.4999999978,0.7433319688
Rosenbrock,5,50,2,2818,3010653,0.059449211,8.36150643246898E-010,10.0033311844
Rosenbrock,10,50,2,2710,2896427,0.059449211,1.2971172747095E-011,10.0033311844
Rosenbrock,20,50,2,2771,2961726,0.059449211,1.22263523574707E-010,10.0033321381
Rosenbrock,5,50,1.1,1211,937072,0.0857842834,0.0389619045,10.0033321381
Rosenbrock,10,50,1.1,1062,846903,0.0857842877,0.0392693834,10.0033311844
Rosenbrock,20,50,1.1,1149,941570,0.0857842815,0.0348869429,10.0033321381
Rosenbrock,5,50,1.01,1471,202106,0.0857864377,1.0300268077,2.1699979305
Rosenbrock,10,50,1.01,467,100826,0.086116872,1.0511266787,1.0966650248
Rosenbrock,20,50,1.01,800,910739,0.0857864376,0.6716533149,10.0033311844
Rosenbrock,5,50,1.001,534,150845,0.2312195063,1.1033692523,1.5933320522
Rosenbrock,10,50,1.001,1469,922278,0.0857868467,1.4457253887,10.0033321381
Rosenbrock,20,50,1.001,306,150681,0.0857864376,1.9512984203,1.6566650867
Rosenbrock,5,50,1.0001,1436,936480,0.2562252205,1.1146194932,10.0033311844
Rosenbrock,10,50,1.0001,625,100927,0.086700359,1.9948687098,1.1166659594
Rosenbrock,20,50,1.0001,1031,942250,0.0857864376,1.0039096013,10.0033311844
Rosenbrock,5,50,1.00001,1689,102403,0.1053424651,0.9996541606,1.1499990225
Rosenbrock,10,50,1.00001,459,150769,0.085793864,1.9995004366,1.6499990225
Rosenbrock,20,50,1.00001,382,150768,0.085786438,1.007446153,1.6666660309
Rosenbrock,5,50,1.000001,1386,869697,0.2786167784,0.9999748746,10.0033311844
Rosenbrock,10,50,1.000001,376,150762,0.086158781,1.4981509142,1.5966650248
Rosenbrock,20,50,1.000001,383,150869,0.0857892505,0.9999667079,1.6766650677
Rosenbrock,5,50,1.0000001,1467,933381,0.2782544897,1.0996839323,10.0033311844
Rosenbrock,10,50,1.0000001,518,150871,0.0857866666,0.9999964342,1.6399989128
Rosenbrock,20,50,1.0000001,1085,918230,0.0858895517,1.4994970155,10.0033311844
Rosenbrock,5,50,1.00000001,855,151231,0.277568162,1.1002381753,1.6099989414
Rosenbrock,10,50,1.00000001,1049,936365,0.0862318674,1.0076789137,10.0033311844
Rosenbrock,20,50,1.00000001,1105,926700,0.0857866019,1.007812113,10.0033311844
Rosenbrock,5,50,1.000000001,1456,916585,0.2776634559,0.9999999686,10.0033321381
Rosenbrock,10,50,1.000000001,1289,932738,0.0860145331,0.9999999596,10.0033321381
Rosenbrock,20,50,1.000000001,1094,930779,0.0857935953,1.4999653873,10.0033311844
Rosenbrock,5,50,1.0000000001,1016,101409,0.0862793294,1.4976391513,1.099998951
Rosenbrock,10,50,1.0000000001,458,150976,0.0865698002,1.999999995,1.6066650152
Rosenbrock,20,50,1.0000000001,323,200791,0.085875077,1.0077857967,2.1799988747
Rosenbrock,5,50,1,1570,910994,0.277478053,1.1003110932,10.0033311844
Rosenbrock,10,50,1,1271,919028,0.0867253725,1.0075346629,10.0033321381
Rosenbrock,20,50,1,360,150859,0.0858152288,1.0000000001,1.6666660309
Rosenbrock,5,100,2,1538,1630168,0.059449211,1.49604884036592E-010,10.0033311844
Rosenbrock,10,100,2,1544,1641940,0.059449211,6.14750639282846E-010,10.0033311844
Rosenbrock,20,100,2,1519,1612630,0.059449211,1.08954512079138E-013,10.0033311844
Rosenbrock,5,100,1.1,1055,469838,0.0857843461,0.0348869429,10.0033311844
Rosenbrock,10,100,1.1,231,100355,0.0857843326,0.034053748,2.0833320618
Rosenbrock,20,100,1.1,698,470973,0.0857842815,0.0331657058,10.0033321381
Rosenbrock,5,100,1.01,1305,470627,0.2465841116,0.7921364246,10.0033311844
Rosenbrock,10,100,1.01,547,100807,0.1330002937,0.7112106161,2.1199989319
Rosenbrock,20,100,1.01,477,100886,0.0857865315,1.5790200956,2.2399981022
Rosenbrock,5,100,1.001,1536,424916,0.2806994496,1.0570793987,10.0033321381
Rosenbrock,10,100,1.001,1726,444780,0.1458672726,1.2488078419,10.0033311844
Rosenbrock,20,100,1.001,1419,459819,0.0857885903,1.4446581308,10.0033311844
Rosenbrock,5,100,1.0001,1604,472745,0.3013614458,1.0756206818,10.0033311844
Rosenbrock,10,100,1.0001,1254,151833,0.1512560511,1.2743305428,3.2499990463
Rosenbrock,20,100,1.0001,1072,464143,0.0857864377,0.9972293946,10.0033311844
Rosenbrock,5,100,1.00001,1216,475388,0.2672576633,1.108597567,10.0033321381
Rosenbrock,10,100,1.00001,803,101285,0.1245636281,1.350116206,2.1733319759
Rosenbrock,20,100,1.00001,882,468587,0.0857882847,1.0074099304,10.0033311844
Rosenbrock,5,100,1.000001,1435,471712,0.2831994202,0.9999736581,10.0033311844
Rosenbrock,10,100,1.000001,767,201279,0.143358232,1.2981048516,4.1333317757
Rosenbrock,20,100,1.000001,872,473086,0.0857870276,0.999972019,10.0033311844
Rosenbrock,5,100,1.0000001,1817,102578,0.1243494768,1.0019209149,2.2366650105
Rosenbrock,10,100,1.0000001,1390,449764,0.1204389617,1.9999952426,10.0033321381
Rosenbrock,20,100,1.0000001,847,481826,0.0857864812,0.9999970496,10.0033311844
Rosenbrock,5,100,1.00000001,1933,487652,0.2208086297,1.0000773992,10.0033311844
Rosenbrock,10,100,1.00000001,1202,301996,0.1234375491,1.9999995364,6.2099981308
Rosenbrock,20,100,1.00000001,782,480604,0.0857864376,0.9999996563,10.0033311844
Rosenbrock,5,100,1.000000001,1022,251728,0.1762861461,0.999999968,5.1733322144
Rosenbrock,10,100,1.000000001,863,101367,0.1212998778,1.9999999534,2.1833319664
Rosenbrock,20,100,1.000000001,990,470464,0.0857864641,1.0078124525,10.0033311844
Rosenbrock,5,100,1.0000000001,1218,474066,0.3179273782,1.0707596884,10.0033321381
Rosenbrock,10,100,1.0000000001,1199,101816,0.1230275362,1.9999999956,2.2433319092
Rosenbrock,20,100,1.0000000001,540,301255,0.0857864499,1.4999999354,6.2799978256
Rosenbrock,5,100,1,1354,474369,0.3182113397,1.0680365983,10.0033321381
Rosenbrock,10,100,1,1193,151990,0.1196093682,1.9999999995,3.2466650009
Rosenbrock,20,100,1,570,101051,0.0857865729,1.4999993462,2.2599990368
Rosenbrock,5,200,2,840,878154,0.059449211,5.70995651386741E-010,10.0033311844
Rosenbrock,10,200,2,754,790830,0.059449211,2.74504047270696E-009,10.0033321381
Rosenbrock,20,200,2,842,881801,0.059449211,2.77555756156289E-015,10.0033321381
Rosenbrock,5,200,1.1,1118,239983,0.0857845175,0.0368617883,10.0033321381
Rosenbrock,10,200,1.1,472,226151,0.0857842989,0.0418878496,10.0033311844
Rosenbrock,20,200,1.1,521,238438,0.0857842815,0.0424594497,10.0033321381
Rosenbrock,5,200,1.01,3030,241473,0.1074242937,0.9023927552,10.0033311844
Rosenbrock,10,200,1.01,2298,231412,0.1881420561,0.7295346886,10.0033311844
Rosenbrock,20,200,1.01,1441,152247,0.0858152922,1.0467927146,6.9999980927
Rosenbrock,5,200,1.001,3219,231616,0.1944496,1.2170728612,10.0033321381
Rosenbrock,10,200,1.001,3450,155215,0.1055215163,1.3666530299,7.0199980736
Rosenbrock,20,200,1.001,1894,217467,0.0859247749,1.444025995,10.0033311844
Rosenbrock,5,200,1.0001,3013,236358,0.1442098186,1.2975483544,10.0033311844
Rosenbrock,10,200,1.0001,2207,230089,0.1695688876,0.9968627376,10.0033321381
Rosenbrock,20,200,1.0001,1545,226049,0.0857868148,1.9950122086,10.0033311844
Rosenbrock,5,200,1.00001,3106,234174,0.1423008416,1.9996222606,10.0033311844
Rosenbrock,10,200,1.00001,1945,153355,0.2464317148,0.9997267915,6.5266647339
Rosenbrock,20,200,1.00001,1364,230969,0.0857864388,0.9997160397,10.0033311844
Rosenbrock,5,200,1.000001,2547,240287,0.2164383772,0.9999728059,10.0033321381
Rosenbrock,10,200,1.000001,1551,240523,0.1304105713,1.0015022229,10.0033311844
Rosenbrock,20,200,1.000001,1120,235341,0.0857873964,1.4999411912,10.0033321381
Rosenbrock,5,200,1.0000001,1625,239468,0.1998121384,1.1906659566,10.0033321381
Rosenbrock,10,200,1.0000001,2595,230280,0.1204961167,1.3633668967,10.0033311844
Rosenbrock,20,200,1.0000001,1371,233705,0.0857868506,0.9999970116,10.0033321381
Rosenbrock,5,200,1.00000001,4876,228493,0.1992407844,1.9999996043,10.0033321381
Rosenbrock,10,200,1.00000001,1973,236951,0.1315722457,0.999999796,10.0033321381
Rosenbrock,20,200,1.00000001,1201,237509,0.0857867934,0.9999997502,10.0033311844
Rosenbrock,5,200,1.000000001,4609,222918,0.2093131259,1.173297551,10.0033311844
Rosenbrock,10,200,1.000000001,2820,223943,0.1313117089,0.9999999784,10.0033321381
Rosenbrock,20,200,1.000000001,1281,102358,0.0857965237,1.99999995,4.8166651726
Rosenbrock,5,200,1.0000000001,3354,229456,0.3412953911,1.1401291352,10.0033311844
Rosenbrock,10,200,1.0000000001,2340,234893,0.120480897,1.9999999952,10.0033311844
Rosenbrock,20,200,1.0000000001,1536,152594,0.1537875906,1.2730196623,6.8966641426
Rosenbrock,5,200,1,3198,234358,0.3069056939,1.1596416873,10.0033311844
Rosenbrock,10,200,1,2540,235389,0.1222622627,1.3577596038,10.0033311844
Rosenbrock,20,200,1,1596,226395,0.0857864399,1.0000000001,10.0033311844
Rosenbrock,5,1000,2,191,179719,0.059449211,1.2201961663294E-011,10.0033321381
Rosenbrock,10,1000,2,129,117852,0.059449211,1.11786813332803E-010,10.0033311844
Rosenbrock,20,1000,2,194,187230,0.059449211,0.000000001,10.0033311844
Rosenbrock,5,1000,1.1,2901,40903,0.0857843166,0.0606206662,10.0033311844
Rosenbrock,10,1000,1.1,1727,39024,0.0857842829,0.0520834155,10.0033311844
Rosenbrock,20,1000,1.1,1517,25055,0.0857842833,0.056578178,10.0033311844
Rosenbrock,5,1000,1.01,329,44544,0.3283180068,1.0412597235,10.0033311844
Rosenbrock,10,1000,1.01,746,36987,0.0989383415,0.955460981,10.0033321381
Rosenbrock,20,1000,1.01,3296,4622,0.085818346,0.8437981516,10.0033321381
Rosenbrock,5,1000,1.001,1312,42237,0.3913737836,1.9805403486,10.0033311844
Rosenbrock,10,1000,1.001,3706,30583,0.0950708912,1.0009898531,10.0033321381
Rosenbrock,20,1000,1.001,3545,7273,0.0931337282,1.9749346465,10.0033321381
Rosenbrock,5,1000,1.0001,299,44567,0.2921788744,1.4403345994,10.0033311844
Rosenbrock,10,1000,1.0001,3769,29082,0.0991336957,0.9994582847,10.0033321381
Rosenbrock,20,1000,1.0001,3286,6727,0.1316474087,1.0027393441,10.0533313751
Rosenbrock,5,1000,1.00001,9556,21279,0.25533941,1.4924753948,10.0033311844
Rosenbrock,10,1000,1.00001,5578,19670,0.1012666365,1.9995291971,10.0033311844
Rosenbrock,20,1000,1.00001,352,41583,0.1335514891,1.9998289648,10.0033311844
Rosenbrock,5,1000,1.000001,1601,41554,0.261718764,1.2186436074,10.0033311844
Rosenbrock,10,1000,1.000001,868,43887,0.0957460583,1.4882197942,10.0033321381
Rosenbrock,20,1000,1.000001,1022,38465,0.1212931323,1.0003183849,10.0033311844
Rosenbrock,5,1000,1.0000001,791,47178,0.2659925048,1.1813116846,10.0033321381
Rosenbrock,10,1000,1.0000001,825,46033,0.1251138019,1.4801480483,10.0033311844
Rosenbrock,20,1000,1.0000001,2701,24765,0.1185464223,1.4999969512,10.0033321381
Rosenbrock,5,1000,1.00000001,1836,42207,0.2799771268,1.2039213781,10.0033311844
Rosenbrock,10,1000,1.00000001,308,43698,0.1359095565,1.4771987146,10.0033321381
Rosenbrock,20,1000,1.00000001,3725,6298,0.0865700616,1.9999996939,10.0066652298
Rosenbrock,5,1000,1.000000001,6752,27592,0.3448902492,1.485344993,10.0033311844
Rosenbrock,10,1000,1.000000001,6600,13995,0.1015761531,1.0000236577,10.0033311844
Rosenbrock,20,1000,1.000000001,563,40760,0.0885855198,1.0077057652,10.0033311844
Rosenbrock,5,1000,1.0000000001,2246,42383,0.3309207047,1.4962354891,10.0033321381
Rosenbrock,10,1000,1.0000000001,301,41789,0.1262825749,1.4787048339,10.0033311844
Rosenbrock,20,1000,1.0000000001,1621,29563,0.0874673842,1.0074123277,10.0033321381
Rosenbrock,5,1000,1,315,49237,0.3276838196,1.2442355319,10.0033321381
Rosenbrock,10,1000,1,1323,39511,0.1200480745,1.9999999998,10.0033311844
Rosenbrock,20,1000,1,3273,8228,0.0870493377,1.9999999997,10.0099983215
Rosenbrock,5,10000,2,40,17159,0.059449211,4.53661058400757E-010,10.0133314133
Rosenbrock,10,10000,2,31,11783,0.059449211,1.2587229653515E-009,10.0133323669
Rosenbrock,20,10000,2,36,17162,0.059449211,2.87626514404068E-011,10.0133314133
Rosenbrock,5,10000,1.1,1020,1951,0.1784806949,0.6890038871,10.0133314133
Rosenbrock,10,10000,1.1,621,1384,0.1300076735,0.5349792869,10.0233306885
Rosenbrock,20,10000,1.1,304,648,0.1855135074,0.797323474,10.0433311462
Rosenbrock,5,10000,1.01,695,2314,1.6049440706,1.8165589922,10.0133314133
Rosenbrock,10,10000,1.01,546,1918,0.3788054269,1.3558141703,10.0166654587
Rosenbrock,20,10000,1.01,309,1330,0.12064275,0.9559157843,10.0133314133
Rosenbrock,5,10000,1.001,632,2362,1.1251311025,1.4354636722,10.5033311844
Rosenbrock,10,10000,1.001,500,2097,0.1746316885,1.0597755677,10.0133323669
Rosenbrock,20,10000,1.001,191,739,0.1952959089,1.4837699537,10.0133314133
Rosenbrock,5,10000,1.0001,690,3101,3.395610333,2.0003981546,10.0199966431
Rosenbrock,10,10000,1.0001,225,3450,0.2510284647,1.5939449715,10.0099983215
Rosenbrock,20,10000,1.0001,273,1292,0.1005897419,1.0095303177,10.0599975586
Rosenbrock,5,10000,1.00001,751,2917,0.3576658782,1.1485635543,10.0099983215
Rosenbrock,10,10000,1.00001,456,2616,0.2415552446,1.9998535475,10.0133314133
Rosenbrock,20,10000,1.00001,214,2047,0.1308501989,1.4829742552,10.0133314133
Rosenbrock,5,10000,1.000001,84,4386,1.4153994452,1.9999933675,10.0133323669
Rosenbrock,10,10000,1.000001,463,2380,0.157717161,1.0131651049,10.0333309174
Rosenbrock,20,10000,1.000001,540,1457,0.1216828939,1.0078158951,10.0166635513
Rosenbrock,5,10000,1.0000001,1315,2792,0.5235200947,1.1539010103,10.0133314133
Rosenbrock,10,10000,1.0000001,270,1423,0.3032553614,1.5087834643,11.3399982452
Rosenbrock,20,10000,1.0000001,700,1479,3.7229858464,2.0000004093,10.0133314133
Rosenbrock,5,10000,1.00000001,691,3031,0.3508188861,1.0813872064,10.0166654587
Rosenbrock,10,10000,1.00000001,441,2382,0.2814171796,1.1761528504,10.0133323669
Rosenbrock,20,10000,1.00000001,313,1373,0.1332574163,1.0063739012,10.0799980164
Rosenbrock,5,10000,1.000000001,231,4323,0.502912876,1.7398861283,10.0133314133
Rosenbrock,10,10000,1.000000001,466,2580,0.2452859239,1.0055654414,10.0199966431
Rosenbrock,20,10000,1.000000001,341,1624,0.1554644162,1.0418902892,10.0466651917
Rosenbrock,5,10000,1.0000000001,514,3579,0.2922498889,1.1899666992,10.0133314133
Rosenbrock,10,10000,1.0000000001,576,2333,0.2235868191,1.1480227826,10.0133314133
Rosenbrock,20,10000,1.0000000001,173,3497,0.1540672534,1.4964374374,10.0099983215
Rosenbrock,5,10000,1,692,3201,0.3624698539,1.221036452,10.0133323669
Rosenbrock,10,10000,1,177,3924,0.2659205866,1.9999999999,10.0133314133
Rosenbrock,20,10000,1,649,1485,0.1604368768,1.4966301853,10.0133314133
